1;Баф с символикой синий
2;Баф с символикой синий
3;Баф с символикой синий
4;Баф с символикой синий
5;Баф с символикой синий
15065;Баф с символикой синий
13879;Баф с символикой синий
4385;Баф с символикой синий
3221;Баф с символикой синий
15262;Баф с символикой синий
1;Баф с символикой синий
10455;Баф с символикой синий
16435;Баф с символикой синий
2266;Баф с символикой синий
11585;Баф с символикой синий
7483;Баф с символикой синий
1749;Баф с символикой синий
7309;Баф с символикой синий
13679;Баф с символикой синий
10746;Баф с символикой синий
10071;Баф с символикой синий
183;Баф с символикой синий
1156;Баф с символикой синий
11526;Баф с символикой синий
1571;Баф с символикой синий
15560;Баф с символикой синий
5772;Баф с символикой синий
16084;Баф с символикой синий
6087;Баф с символикой синий
2852;Баф с символикой синий
323;Баф с символикой синий
524;Баф с символикой синий
8535;Баф с символикой синий
8036;Баф с символикой синий
14264;Баф с символикой синий
10733;Баф с символикой синий
932;Баф с символикой синий
8960;Баф с символикой синий
9220;Баф с символикой синий
15302;Баф с символикой синий
5500;Баф с символикой синий
3996;Баф с символикой синий
8458;Баф с символикой синий
10817;Баф с символикой синий
2981;Баф с символикой синий
12163;Баф с символикой синий
8974;Баф с символикой синий
2;Баф с символикой синий
8069;Баф с символикой синий
130;Баф с символикой синий
7862;Баф с символикой синий
5699;Баф с символикой синий
14965;Баф с символикой синий
1197;Баф с символикой синий
10649;Баф с символикой синий
619;Баф с символикой синий
13936;Баф с символикой синий
9682;Баф с символикой синий
36;Баф с символикой синий
15928;Баф с символикой синий
9730;Баф с символикой синий
4803;Баф с символикой синий
7509;Баф с символикой синий
1271;Баф с символикой синий
9585;Баф с символикой синий
14258;Баф с символикой синий
13729;Баф с символикой синий
9634;Баф с символикой синий
4185;Баф с символикой синий
4312;Баф с символикой синий
14682;Баф с символикой синий
1533;Баф с символикой синий
16282;Баф с символикой синий
330;Баф с символикой синий
5835;Баф с символикой синий
14200;Баф с символикой синий
9545;Баф с символикой синий
1438;Баф с символикой синий
6453;Баф с символикой синий
5159;Баф с символикой синий
7710;Баф с символикой синий
9113;Баф с символикой синий
35;Баф с символикой синий
10519;Баф с символикой синий
8781;Баф с символикой синий
11424;Баф с символикой синий
4578;Баф с символикой синий
13938;Баф с символикой синий
11218;Баф с символикой синий
4442;Баф с символикой синий
1359;Баф с символикой синий
5531;Баф с символикой синий
3303;Баф с символикой синий
12021;Баф с символикой синий
11329;Баф с символикой синий
5383;Баф с символикой синий
16315;Баф с символикой синий
9134;Баф с символикой синий
3421;Баф с символикой синий
9017;Баф с символикой синий
6779;Баф с символикой синий
128;Баф с символикой синий
14214;Баф с символикой синий
1458;Баф с символикой синий
15481;Баф с символикой синий
9991;Баф с символикой синий
11592;Баф с символикой синий
10614;Баф с символикой синий
5535;Баф с символикой синий
2846;Баф с символикой синий
4293;Баф с символикой синий
4369;Баф с символикой синий
28;Баф с символикой синий
15022;Баф с символикой синий
8828;Баф с символикой синий
8999;Баф с символикой синий
2291;Баф с символикой синий
8293;Баф с символикой синий
15011;Баф с символикой синий
7772;Баф с символикой синий
15097;Баф с символикой синий
5278;Баф с символикой синий
7181;Баф с символикой синий
575;Баф с символикой синий
8288;Баф с символикой синий
6055;Баф с символикой синий
14086;Баф с символикой синий
8195;Баф с символикой синий
1934;Баф с символикой синий
450;Баф с символикой синий
833;Баф с символикой синий
11027;Баф с символикой синий
9766;Баф с символикой синий
4887;Баф с символикой синий
11651;Баф с символикой синий
7698;Баф с символикой синий
7348;Баф с символикой синий
1223;Баф с символикой синий
8955;Баф с символикой синий
5117;Баф с символикой синий
3324;Баф с символикой синий
2539;Баф с символикой синий
6837;Баф с символикой синий
8434;Баф с символикой синий
5983;Баф с символикой синий
10701;Баф с символикой синий
11120;Баф с символикой синий
10421;Баф с символикой синий
22;Баф с символикой синий
8443;Баф с символикой синий
11195;Баф с символикой синий
14474;Баф с символикой синий
10256;Баф с символикой синий
4253;Баф с символикой синий
14710;Баф с символикой синий
14642;Баф с символикой синий
5130;Баф с символикой синий
13610;Баф с символикой синий
13379;Баф с символикой синий
247;Баф с символикой синий
9455;Баф с символикой синий
1707;Баф с символикой синий
11124;Баф с символикой синий
9834;Баф с символикой синий
2532;Баф с символикой синий
12377;Баф с символикой синий
12224;Баф с символикой синий
5561;Баф с символикой синий
9628;Баф с символикой синий
1854;Баф с символикой синий
11428;Баф с символикой синий
7967;Баф с символикой синий
5889;Баф с символикой синий
3957;Баф с символикой синий
11291;Баф с символикой синий
12938;Баф с символикой синий
3403;Баф с символикой синий
13480;Баф с символикой синий
1924;Баф с символикой синий
12648;Баф с символикой синий
13446;Баф с символикой синий
13127;Баф с символикой синий
3744;Баф с символикой синий
7102;Баф с символикой синий
15796;Баф с символикой синий
4173;Баф с символикой синий
6630;Баф с символикой синий
3045;Баф с символикой синий
3945;Баф с символикой синий
10764;Баф с символикой синий
12076;Баф с символикой синий
15005;Баф с символикой синий
7094;Баф с символикой синий
9489;Баф с символикой синий
10653;Баф с символикой синий
7947;Баф с символикой синий
9401;Баф с символикой синий
6855;Баф с символикой синий
11956;Баф с символикой синий
449;Баф с символикой синий
16026;Баф с символикой синий
1389;Баф с символикой синий
3873;Баф с символикой синий
3547;Баф с символикой синий
35;Баф с символикой синий
12351;Баф с символикой синий
1819;Баф с символикой синий
13275;Баф с символикой синий
6617;Баф с символикой синий
843;Баф с символикой синий
11589;Баф с символикой синий
943;Баф с символикой синий
1363;Баф с символикой синий
5085;Баф с символикой синий
1771;Баф с символикой синий
852;Баф с символикой синий
9121;Баф с символикой синий
5247;Баф с символикой синий
2279;Баф с символикой синий
3015;Баф с символикой синий
5140;Баф с символикой синий
12043;Баф с символикой синий
9444;Баф с символикой синий
8126;Баф с символикой синий
21;Баф с символикой синий
3751;Баф с символикой синий
10341;Баф с символикой синий
9400;Баф с символикой синий
7624;Баф с символикой синий
3314;Баф с символикой синий
3556;Баф с символикой синий
13889;Баф с символикой синий
9388;Баф с символикой синий
9933;Баф с символикой синий
1163;Баф с символикой синий
5931;Баф с символикой синий
10728;Баф с символикой синий
2995;Баф с символикой синий
4799;Баф с символикой синий
7045;Баф с символикой синий
5003;Баф с символикой синий
1114;Баф с символикой синий
11819;Баф с символикой синий
103;Баф с символикой синий
11231;Баф с символикой синий
3762;Баф с символикой синий
5792;Баф с символикой синий
11212;Баф с символикой синий
750;Баф с символикой синий
10281;Баф с символикой синий
